priority,type,url,status,owner,notes
1,tutor,/hometutor/city/ahmedabad/,needs-content,seo-team,
1,tutor,/hometutor/city/ahmedabad/subject/accounts/,needs-content,seo-team,
1,tutor,/hometutor/city/ahmedabad/subject/biology/,needs-content,seo-team,
1,tutor,/hometutor/city/ahmedabad/subject/biology/class-10/,needs-content,seo-team,
1,tutor,/hometutor/city/ahmedabad/subject/biology/class-11/,needs-content,seo-team,
1,tutor,/hometutor/city/ahmedabad/subject/biology/class-12/,needs-content,seo-team,
1,tutor,/hometutor/city/ahmedabad/subject/biology/class-8/,needs-content,seo-team,
1,tutor,/hometutor/city/ahmedabad/subject/biology/class-9/,needs-content,seo-team,
1,tutor,/hometutor/city/ahmedabad/subject/chemistry/,needs-content,seo-team,
1,tutor,/hometutor/city/ahmedabad/subject/chemistry/class-10/,needs-content,seo-team,
1,tutor,/hometutor/city/ahmedabad/subject/chemistry/class-11/,needs-content,seo-team,
1,tutor,/hometutor/city/ahmedabad/subject/chemistry/class-12/,needs-content,seo-team,
1,tutor,/hometutor/city/ahmedabad/subject/chemistry/class-8/,needs-content,seo-team,
1,tutor,/hometutor/city/ahmedabad/subject/chemistry/class-9/,needs-content,seo-team,
1,tutor,/hometutor/city/ahmedabad/subject/english/,needs-content,seo-team,
1,tutor,/hometutor/city/ahmedabad/subject/english/class-10/,needs-content,seo-team,
1,tutor,/hometutor/city/ahmedabad/subject/english/class-11/,needs-content,seo-team,
1,tutor,/hometutor/city/ahmedabad/subject/english/class-12/,needs-content,seo-team,
1,tutor,/hometutor/city/ahmedabad/subject/english/class-8/,needs-content,seo-team,
1,tutor,/hometutor/city/ahmedabad/subject/english/class-9/,needs-content,seo-team,
1,tutor,/hometutor/city/ahmedabad/subject/hindi/,needs-content,seo-team,
1,tutor,/hometutor/city/ahmedabad/subject/hindi/class-10/,needs-content,seo-team,
1,tutor,/hometutor/city/ahmedabad/subject/hindi/class-11/,needs-content,seo-team,
1,tutor,/hometutor/city/ahmedabad/subject/hindi/class-12/,needs-content,seo-team,
1,tutor,/hometutor/city/ahmedabad/subject/hindi/class-8/,needs-content,seo-team,
1,tutor,/hometutor/city/ahmedabad/subject/hindi/class-9/,needs-content,seo-team,
1,tutor,/hometutor/city/ahmedabad/subject/maths/,needs-content,seo-team,
1,tutor,/hometutor/city/ahmedabad/subject/maths/class-10/,needs-content,seo-team,
1,tutor,/hometutor/city/ahmedabad/subject/maths/class-11/,needs-content,seo-team,
1,tutor,/hometutor/city/ahmedabad/subject/maths/class-12/,needs-content,seo-team,
1,tutor,/hometutor/city/ahmedabad/subject/maths/class-8/,needs-content,seo-team,
1,tutor,/hometutor/city/ahmedabad/subject/maths/class-9/,needs-content,seo-team,
1,tutor,/hometutor/city/ahmedabad/subject/physics/,needs-content,seo-team,
1,tutor,/hometutor/city/ahmedabad/subject/physics/class-10/,needs-content,seo-team,
1,tutor,/hometutor/city/ahmedabad/subject/physics/class-11/,needs-content,seo-team,
1,tutor,/hometutor/city/ahmedabad/subject/physics/class-12/,needs-content,seo-team,
1,tutor,/hometutor/city/ahmedabad/subject/physics/class-12/satellite/,needs-content,seo-team,
1,tutor,/hometutor/city/ahmedabad/subject/physics/class-8/,needs-content,seo-team,
1,tutor,/hometutor/city/ahmedabad/subject/physics/class-9/,needs-content,seo-team,
1,tutor,/hometutor/city/ahmedabad/subject/science/,needs-content,seo-team,
1,tutor,/hometutor/city/ahmedabad/subject/science/class-10/,needs-content,seo-team,
1,tutor,/hometutor/city/ahmedabad/subject/science/class-11/,needs-content,seo-team,
1,tutor,/hometutor/city/ahmedabad/subject/science/class-12/,needs-content,seo-team,
1,tutor,/hometutor/city/ahmedabad/subject/science/class-8/,needs-content,seo-team,
1,tutor,/hometutor/city/ahmedabad/subject/science/class-9/,needs-content,seo-team,
1,tutor,/hometutor/city/ahmedabad/subject/social-science/,needs-content,seo-team,
1,tutor,/hometutor/city/ahmedabad/subject/social-science/class-10/,needs-content,seo-team,
1,tutor,/hometutor/city/ahmedabad/subject/social-science/class-11/,needs-content,seo-team,
1,tutor,/hometutor/city/ahmedabad/subject/social-science/class-12/,needs-content,seo-team,
1,tutor,/hometutor/city/ahmedabad/subject/social-science/class-8/,needs-content,seo-team,
1,tutor,/hometutor/city/ahmedabad/subject/social-science/class-9/,needs-content,seo-team,
1,tutor,/hometutor/city/surat/subject/science/,needs-content,seo-team,
1,tutor,/hometutor/city/vadodara/subject/english/,needs-content,seo-team,
2,mock,/assessment/mock-test/jee-main/,needs-content,seo-team,
2,mock,/assessment/mock-test/jee-main/ahmedabad/,needs-content,seo-team,
2,mock,/assessment/mock-test/jee-main/bangalore/,needs-content,seo-team,
2,mock,/assessment/mock-test/jee-main/chennai/,needs-content,seo-team,
2,mock,/assessment/mock-test/jee-main/delhi/,needs-content,seo-team,
2,mock,/assessment/mock-test/jee-main/hyderabad/,needs-content,seo-team,
2,mock,/assessment/mock-test/jee-main/mumbai/,needs-content,seo-team,
2,mock,/assessment/mock-test/jee-main/pune/,needs-content,seo-team,
2,mock,/assessment/mock-test/jee-main/rajkot/,needs-content,seo-team,
2,mock,/assessment/mock-test/jee-main/surat/,needs-content,seo-team,
2,mock,/assessment/mock-test/jee-main/vadodara/,needs-content,seo-team,
2,mock,/assessment/mock-test/neet/,needs-content,seo-team,
2,mock,/assessment/mock-test/neet/ahmedabad/,needs-content,seo-team,
2,mock,/assessment/mock-test/neet/bangalore/,needs-content,seo-team,
2,mock,/assessment/mock-test/neet/delhi/,needs-content,seo-team,
2,mock,/assessment/mock-test/neet/mumbai/,needs-content,seo-team,
2,mock,/assessment/mock-test/neet/pune/,needs-content,seo-team,
2,mock,/assessment/mock-test/neet/rajkot/,needs-content,seo-team,
2,mock,/assessment/mock-test/neet/surat/,needs-content,seo-team,
2,mock,/assessment/mock-test/neet/vadodara/,needs-content,seo-team,
2,mock,/assessment/mock-test/ssc-cgl/,needs-content,seo-team,
3,course,/courses/ai-tools-for-freelancers/delhi/,needs-content,seo-team,
3,course,/courses/data-analytics-with-excel-sql/ahmedabad/,needs-content,seo-team,
3,course,/courses/data-analytics-with-excel-sql/bangalore/,needs-content,seo-team,
3,course,/courses/data-analytics-with-excel-sql/chennai/,needs-content,seo-team,
3,course,/courses/data-analytics-with-excel-sql/delhi/,needs-content,seo-team,
3,course,/courses/data-analytics-with-excel-sql/hyderabad/,needs-content,seo-team,
3,course,/courses/data-analytics-with-excel-sql/mumbai/,needs-content,seo-team,
3,course,/courses/data-analytics-with-excel-sql/pune/,needs-content,seo-team,
3,course,/courses/data-analytics-with-excel-sql/rajkot/,needs-content,seo-team,
3,course,/courses/data-analytics-with-excel-sql/surat/,needs-content,seo-team,
3,course,/courses/data-analytics-with-excel-sql/vadodara/,needs-content,seo-team,
3,course,/courses/data-analytics/vadodara/,needs-content,seo-team,
3,course,/courses/digital-marketing-growth-sprint/ahmedabad/,needs-content,seo-team,
3,course,/courses/digital-marketing-growth-sprint/bangalore/,needs-content,seo-team,
3,course,/courses/digital-marketing-growth-sprint/chennai/,needs-content,seo-team,
3,course,/courses/digital-marketing-growth-sprint/delhi/,needs-content,seo-team,
3,course,/courses/digital-marketing-growth-sprint/hyderabad/,needs-content,seo-team,
3,course,/courses/digital-marketing-growth-sprint/mumbai/,needs-content,seo-team,
3,course,/courses/digital-marketing-growth-sprint/pune/,needs-content,seo-team,
3,course,/courses/digital-marketing-growth-sprint/rajkot/,needs-content,seo-team,
3,course,/courses/digital-marketing-growth-sprint/surat/,needs-content,seo-team,
3,course,/courses/digital-marketing-growth-sprint/vadodara/,needs-content,seo-team,
3,course,/courses/digital-marketing/ahmedabad/,needs-content,seo-team,
3,course,/courses/python-for-jobs-bootcamp/delhi/,needs-content,seo-team,
3,course,/courses/python/surat/,needs-content,seo-team,
3,course,/courses/sales-communication-mastery/delhi/,needs-content,seo-team,
